date,pm2_5,pm10,carbon_monoxide,nitrogen_dioxide,sulphur_dioxide,ozone,temperature_mean,temperature_max,temperature_min,humidity_mean,precipitation_sum,pressure_mean,wind_speed_mean,wind_speed_max,AQI
2025-01-01,37.52916666666667,40.68333333333333,972.75,20.754166666666666,17.966666666666665,90.91666666666667,20.4375,26.2,15.3,35.083333333333336,0.0,1016.725,8.125,10.5,106
2025-01-02,51.3375,55.4,1431.6666666666667,32.391666666666666,23.758333333333336,89.875,19.858333333333334,25.6,14.9,45.583333333333336,0.0,1015.975,7.129166666666666,9.6,140
2025-01-03,66.60833333333333,72.95833333333333,1241.0416666666667,35.795833333333334,30.425,98.16666666666667,19.920833333333334,24.6,14.9,55.083333333333336,0.0,1015.6625,6.254166666666666,11.5,157
2025-01-04,51.67916666666667,69.32916666666667,776.3333333333334,36.06666666666667,24.8125,65.79166666666667,20.604166666666668,24.2,17.2,54.833333333333336,0.0,1014.4375,9.5875,14.1,141
2025-01-05,40.22083333333333,55.06666666666666,908.6666666666666,39.32083333333333,26.183333333333334,67.33333333333333,18.091666666666665,22.5,13.2,46.833333333333336,0.0,1015.2041666666668,6.6125,10.7,113
2025-01-06,31.079166666666666,35.25833333333333,1103.7083333333333,41.30833333333333,21.633333333333336,53.666666666666664,18.495833333333334,24.5,13.2,37.833333333333336,0.0,1017.6416666666668,6.604166666666667,9.4,91
2025-01-07,21.925,22.954166666666666,958.9166666666666,31.349999999999998,15.595833333333333,73.95833333333333,18.849999999999998,24.9,13.5,24.416666666666668,0.0,1018.7208333333333,7.670833333333333,11.8,72
2025-01-08,27.829166666666666,28.087500000000002,1175.4166666666667,37.4375,30.141666666666666,75.5,17.775000000000002,23.5,11.5,36.791666666666664,0.0,1015.7624999999999,6.054166666666667,9.6,84
2025-01-09,33.829166666666666,34.52916666666667,1418.375,44.02916666666667,24.170833333333334,70.0,18.658333333333335,24.2,12.3,51.5,0.0,1013.9458333333333,6.0874999999999995,7.7,97
2025-01-10,45.6875,46.35833333333333,1071.2083333333333,53.05833333333334,24.416666666666668,63.625,19.941666666666666,25.4,15.4,38.583333333333336,0.0,1014.9458333333333,6.958333333333333,13.6,126
2025-01-11,45.12916666666666,45.47083333333333,1102.5,41.833333333333336,28.900000000000002,74.83333333333333,19.991666666666667,25.9,14.8,43.083333333333336,0.0,1015.9125,6.0249999999999995,10.6,125
2025-01-12,41.62083333333333,41.75416666666667,1100.9583333333333,35.40833333333333,22.983333333333334,87.375,19.962500000000002,25.8,14.7,34.625,0.0,1018.0124999999999,8.583333333333334,13.6,116
2025-01-13,53.12083333333334,53.9375,893.7083333333334,13.700000000000001,16.433333333333334,104.375,18.7625,23.5,14.7,41.375,0.0,1018.5791666666668,12.799999999999999,15.1,144
2025-01-14,55.854166666666664,57.770833333333336,951.75,30.587500000000002,19.358333333333334,85.875,18.370833333333334,24.1,13.5,52.375,0.0,1017.4333333333334,8.041666666666666,10.4,151
2025-01-15,55.60833333333333,61.24166666666667,1064.6666666666667,37.358333333333334,21.054166666666667,74.41666666666667,19.433333333333334,25.1,14.9,52.541666666666664,0.0,1018.2041666666668,7.170833333333333,10.5,151
2025-01-16,69.3,78.47500000000001,1367.6666666666667,45.82916666666667,34.137499999999996,80.95833333333333,18.904166666666665,22.7,14.7,54.166666666666664,0.0,1019.2416666666667,6.295833333333333,11.1,158
2025-01-17,37.275,42.329166666666666,769.4583333333334,22.52916666666667,17.275000000000002,90.08333333333333,19.404166666666665,24.5,14.8,39.25,0.0,1018.1916666666666,11.737499999999999,15.9,105
2025-01-18,43.68333333333334,45.75,782.7916666666666,19.833333333333332,17.95,102.0,19.8,24.9,15.5,35.083333333333336,0.0,1015.0333333333333,11.4375,13.8,121
2025-01-19,46.44583333333333,47.62916666666666,1000.9166666666666,25.979166666666668,19.412499999999998,97.125,19.858333333333334,25.7,14.5,33.583333333333336,0.0,1015.0166666666668,7.5375000000000005,10.7,128
2025-01-20,56.425000000000004,57.62916666666666,1320.125,29.395833333333332,24.2375,98.125,20.379166666666666,26.0,16.1,39.291666666666664,0.0,1014.9541666666668,8.633333333333333,12.4,151
2025-01-21,49.11666666666667,53.025,1226.2083333333333,27.354166666666668,24.329166666666666,101.83333333333333,19.720833333333335,24.7,14.6,50.416666666666664,0.0,1014.1541666666667,7.3374999999999995,11.7,135
2025-01-22,30.96666666666667,41.12916666666667,728.875,27.65833333333333,17.6375,79.33333333333333,20.6375,25.0,16.8,60.083333333333336,0.0,1013.6750000000001,7.7749999999999995,13.4,91
2025-01-23,31.825,38.175000000000004,657.25,30.104166666666668,15.1,70.04166666666667,20.625,26.4,15.1,36.125,0.0,1016.3874999999999,8.358333333333333,12.0,92
2025-01-24,16.204166666666666,19.645833333333332,640.8333333333334,17.0125,11.549999999999999,89.79166666666667,20.520833333333332,25.9,15.0,25.125,0.0,1016.125,11.295833333333334,13.3,60
2025-01-25,22.575,26.008333333333336,1166.7083333333333,29.991666666666664,17.345833333333335,79.5,20.445833333333333,26.2,15.2,27.875,0.0,1015.4041666666667,8.445833333333333,11.3,73
2025-01-26,34.09583333333333,39.075,967.8333333333334,46.458333333333336,27.608333333333334,61.0,19.625,25.8,14.1,40.416666666666664,0.0,1014.2666666666668,6.920833333333333,12.2,97
2025-01-27,38.50833333333333,44.62083333333334,970.5833333333334,46.9625,28.03333333333333,53.833333333333336,19.866666666666667,27.1,14.3,62.916666666666664,0.0,1012.3833333333333,6.391666666666667,11.8,108
2025-01-28,31.016666666666666,33.583333333333336,803.0,42.391666666666666,25.516666666666666,53.25,19.866666666666667,25.7,14.0,75.29166666666667,0.0,1011.2291666666666,6.704166666666667,11.4,91
2025-01-29,22.116666666666664,40.12083333333333,543.3333333333334,24.34166666666667,12.879166666666668,68.875,21.46666666666667,26.3,17.0,80.5,0.0,1012.0583333333334,8.683333333333334,12.7,72
2025-01-30,33.324999999999996,74.84166666666667,591.0833333333334,22.166666666666668,14.408333333333333,78.45833333333333,21.479166666666668,26.6,16.3,51.583333333333336,0.0,1012.025,8.404166666666667,13.1,96
2025-01-31,34.170833333333334,91.175,429.1666666666667,18.3875,14.916666666666666,75.16666666666667,19.425,24.1,15.0,29.0,0.0,1010.9708333333333,11.4625,13.8,97
2025-02-01,43.708333333333336,102.58333333333333,666.75,35.99583333333333,17.708333333333332,65.5,18.845833333333335,24.5,12.7,43.916666666666664,0.0,1012.8208333333333,7.4125000000000005,11.4,121
2025-02-02,24.616666666666664,30.962500000000002,678.0416666666666,25.099999999999998,13.041666666666666,80.45833333333333,20.804166666666667,26.7,14.8,26.75,0.0,1014.5541666666667,9.054166666666667,13.4,77
2025-02-03,27.349999999999998,35.42916666666667,648.4166666666666,15.295833333333334,17.904166666666665,105.25,20.695833333333333,25.0,16.7,33.416666666666664,0.0,1013.6791666666667,9.570833333333333,15.7,83
2025-02-04,18.3125,34.520833333333336,481.5833333333333,16.379166666666666,11.025,93.375,20.816666666666666,24.8,16.7,49.458333333333336,0.0,1015.0124999999999,10.095833333333333,14.5,64
2025-02-05,22.370833333333334,37.583333333333336,731.8333333333334,29.34583333333333,16.95,73.125,20.170833333333334,25.8,14.4,43.541666666666664,0.0,1015.525,7.7625,13.4,73
2025-02-06,24.441666666666666,31.71666666666667,746.4583333333334,34.00416666666667,14.679166666666667,64.25,21.125,27.4,14.8,29.166666666666668,0.0,1016.0791666666668,9.4125,12.7,77
2025-02-07,18.008333333333333,25.275000000000002,563.375,21.116666666666667,12.0375,83.58333333333333,22.808333333333334,28.4,17.9,18.333333333333332,0.0,1016.0541666666667,10.504166666666666,13.8,63
2025-02-08,29.712500000000002,37.5375,801.9583333333334,27.27916666666667,18.379166666666666,86.41666666666667,21.97083333333333,28.1,16.8,26.958333333333332,0.0,1014.1625,8.5375,10.1,88
2025-02-09,35.71666666666667,38.233333333333334,864.3333333333334,35.0,24.083333333333332,80.375,21.145833333333332,27.0,15.4,39.041666666666664,0.0,1012.8708333333334,7.429166666666667,11.3,102
2025-02-10,26.229166666666668,28.829166666666666,551.5416666666666,23.858333333333334,16.095833333333335,87.08333333333333,21.5125,26.3,17.1,71.25,0.0,1013.3000000000001,9.191666666666666,13.4,81
2025-02-11,29.516666666666666,79.67916666666666,447.9166666666667,18.0375,12.541666666666666,79.125,23.041666666666668,27.7,20.4,75.95833333333333,0.0,1013.6625,10.454166666666667,12.7,88
2025-02-12,50.79583333333333,114.40416666666665,853.2083333333334,34.93333333333333,22.65833333333333,70.875,23.287499999999998,29.0,17.9,58.75,0.0,1015.3041666666667,7.020833333333333,10.7,139
2025-02-13,49.95416666666667,85.99583333333334,989.7083333333334,42.07083333333333,29.358333333333334,68.66666666666667,23.170833333333334,28.3,18.2,47.833333333333336,0.0,1015.4041666666667,6.554166666666667,11.1,137
2025-02-14,27.462500000000002,57.6,428.8333333333333,22.55,12.700000000000001,72.875,24.0125,29.7,19.8,65.25,0.0,1013.4375,10.375,14.7,83
2025-02-15,29.412499999999998,67.01666666666667,359.7083333333333,16.983333333333334,11.008333333333333,81.625,24.754166666666666,29.4,22.0,66.875,0.0,1010.8833333333333,12.775,16.2,87
2025-02-16,24.620833333333334,57.375,424.6666666666667,17.275000000000002,10.566666666666666,78.70833333333333,24.787499999999998,30.3,21.3,67.75,0.0,1010.75,10.466666666666667,14.1,77
2025-02-17,27.395833333333332,50.85,774.4583333333334,28.320833333333336,17.370833333333334,83.375,25.254166666666666,30.6,20.7,60.375,0.0,1012.9166666666666,7.254166666666666,13.2,83
2025-02-18,22.308333333333334,50.9375,603.6666666666666,24.245833333333334,12.5,67.125,25.3625,30.9,21.4,61.125,0.0,1013.5458333333332,8.9625,13.5,72
2025-02-19,18.708333333333332,49.00416666666666,343.0,13.424999999999999,9.220833333333333,79.33333333333333,25.537499999999998,29.5,22.7,61.25,0.0,1011.475,14.212499999999999,20.7,65
2025-02-20,35.96666666666667,120.53750000000001,641.4166666666666,24.379166666666666,16.916666666666668,83.0,25.912499999999998,31.4,20.7,46.791666666666664,0.0,1011.7375000000001,8.0625,14.4,102
2025-02-21,48.15,128.275,1043.125,35.71666666666667,24.166666666666668,56.75,24.745833333333334,29.3,20.9,46.5,0.0,1014.8166666666666,5.6375,8.4,132
2025-02-22,36.55416666666667,55.10833333333333,883.4583333333334,35.125,26.195833333333336,84.58333333333333,23.733333333333334,29.2,18.6,44.125,0.0,1015.975,7.325,11.7,104
2025-02-23,30.3,42.69166666666666,655.4583333333334,31.15833333333333,20.816666666666666,77.375,23.004166666666666,27.6,19.4,74.79166666666667,0.0,1015.4791666666666,7.133333333333333,12.6,89
2025-02-24,22.808333333333334,47.979166666666664,627.9166666666666,34.074999999999996,24.27916666666667,58.125,23.370833333333334,28.8,19.6,79.58333333333333,0.0,1015.3000000000001,6.75,12.1,74
2025-02-25,34.00833333333333,79.82916666666667,881.5833333333334,47.02916666666667,33.329166666666666,40.333333333333336,24.2625,29.1,20.2,65.83333333333333,0.0,1015.5124999999999,5.670833333333333,8.0,97
2025-02-26,21.833333333333332,51.52916666666667,555.75,37.77916666666667,21.525000000000002,41.291666666666664,24.1875,29.8,20.1,69.70833333333333,0.0,1015.4791666666666,6.808333333333334,10.4,71
2025-02-27,16.570833333333333,28.075,365.6666666666667,23.65833333333333,14.870833333333332,52.958333333333336,23.53333333333333,27.0,20.7,80.08333333333333,0.0,1013.2416666666667,9.616666666666667,12.9,60
2025-02-28,28.020833333333332,59.40833333333333,299.5416666666667,12.950000000000001,10.55,89.79166666666667,24.28333333333333,27.2,22.0,74.41666666666667,0.0,1010.9041666666667,14.954166666666666,20.0,84
2025-03-01,29.229166666666668,56.57916666666667,427.3333333333333,17.608333333333334,14.025,97.83333333333333,24.03333333333333,27.9,21.2,70.875,0.0,1011.7125,10.858333333333334,16.8,87
2025-03-02,27.391666666666666,43.050000000000004,608.1666666666666,22.079166666666666,16.720833333333335,92.25,22.71666666666667,27.6,18.1,69.0,0.0,1011.9666666666667,8.525,15.0,83
2025-03-03,27.916666666666668,74.97500000000001,363.625,14.929166666666667,11.620833333333332,86.04166666666667,24.212500000000002,28.7,21.3,71.625,0.0,1012.125,12.075000000000001,17.8,84
2025-03-04,36.358333333333334,102.96249999999999,582.5416666666666,25.941666666666666,14.058333333333332,79.125,24.270833333333332,29.4,19.1,31.208333333333332,0.0,1016.1750000000001,7.954166666666667,12.2,103
2025-03-05,21.120833333333334,36.375,600.0416666666666,23.4875,15.237499999999999,90.5,23.120833333333334,30.1,16.8,23.166666666666668,0.0,1017.35,8.379166666666666,11.8,70
2025-03-06,20.3625,33.46666666666667,547.4583333333334,25.054166666666664,17.1375,88.04166666666667,24.78333333333333,32.3,19.7,57.125,0.0,1013.9375,9.029166666666667,13.9,68
2025-03-07,22.666666666666668,46.30416666666667,753.875,25.474999999999998,16.229166666666668,88.70833333333333,26.133333333333336,33.1,19.6,54.833333333333336,0.0,1011.025,7.541666666666667,11.9,73
2025-03-08,22.820833333333336,69.52083333333333,524.5,20.354166666666668,12.154166666666667,74.25,28.05,36.6,22.2,41.541666666666664,0.0,1008.0416666666666,9.820833333333333,16.5,74
2025-03-09,27.7375,59.275,619.2916666666666,28.662499999999998,18.370833333333334,84.79166666666667,28.704166666666666,36.5,22.6,41.75,0.0,1008.9250000000001,8.008333333333333,13.7,84
2025-03-10,25.429166666666664,45.24583333333334,697.9583333333334,34.199999999999996,17.775000000000002,60.416666666666664,28.53333333333333,36.3,22.2,42.666666666666664,0.0,1011.3291666666668,8.0,12.0,79
2025-03-11,22.558333333333334,32.1,680.5,36.829166666666666,17.516666666666666,60.625,27.483333333333334,34.5,21.5,48.5,0.0,1011.975,8.095833333333333,11.8,73
2025-03-12,18.25,26.891666666666666,524.0416666666666,25.204166666666666,13.645833333333334,63.291666666666664,26.891666666666666,32.8,21.9,62.375,0.0,1009.9958333333334,9.141666666666667,14.3,64
2025-03-13,15.5875,30.537499999999998,412.25,16.537499999999998,10.516666666666667,81.95833333333333,27.829166666666666,33.1,24.3,62.541666666666664,0.0,1007.9416666666666,11.85,15.2,58
2025-03-14,24.5625,66.83749999999999,344.6666666666667,12.870833333333332,10.200000000000001,89.33333333333333,27.579166666666666,31.7,25.2,60.958333333333336,0.0,1007.8041666666667,14.433333333333332,17.0,77
2025-03-15,28.854166666666668,66.58749999999999,450.9583333333333,16.570833333333333,14.783333333333333,103.66666666666667,27.025000000000002,33.0,22.2,49.25,0.0,1009.775,9.716666666666667,15.4,86
2025-03-16,26.395833333333332,64.0,509.25,20.941666666666666,14.987499999999999,99.125,26.816666666666666,32.5,22.7,43.166666666666664,0.0,1011.7833333333333,9.741666666666667,16.9,81
2025-03-17,29.108333333333334,58.99166666666667,574.875,35.00833333333333,19.070833333333333,70.95833333333333,26.379166666666666,31.8,20.6,43.791666666666664,0.0,1012.4,8.9625,14.1,87
2025-03-18,16.533333333333335,37.199999999999996,644.0833333333334,21.308333333333334,13.770833333333334,82.45833333333333,25.47083333333333,30.8,20.4,62.416666666666664,0.0,1011.4375,8.229166666666666,14.2,60
2025-03-19,14.370833333333332,26.8,442.25,17.658333333333335,11.604166666666666,81.66666666666667,25.691666666666666,31.0,22.4,65.20833333333333,0.0,1011.7125,11.083333333333334,14.6,56
2025-03-20,15.920833333333334,28.849999999999998,445.0,17.7,13.733333333333334,85.79166666666667,26.254166666666666,32.0,22.7,69.75,0.0,1013.2291666666666,9.9625,18.9,59
2025-03-21,18.316666666666666,34.7875,540.0,18.6125,13.954166666666666,91.33333333333333,26.791666666666668,33.4,22.0,64.5,0.0,1014.375,9.520833333333334,17.8,64
2025-03-22,20.875,42.42916666666667,501.2916666666667,19.816666666666666,12.958333333333334,90.20833333333333,26.77916666666667,31.7,23.0,64.41666666666667,0.0,1012.4916666666667,9.737499999999999,15.1,69
2025-03-23,13.85,18.599999999999998,468.5416666666667,22.545833333333334,13.870833333333332,84.79166666666667,27.820833333333336,34.0,23.3,52.916666666666664,0.0,1012.3833333333333,9.9375,15.0,55
2025-03-24,9.916666666666666,12.154166666666667,394.7083333333333,19.766666666666666,12.0625,84.45833333333333,27.575,33.7,23.1,45.833333333333336,0.0,1012.225,11.791666666666666,15.9,41
2025-03-25,13.979166666666666,19.575,329.4583333333333,17.2625,12.970833333333333,82.375,25.675,29.7,22.3,71.95833333333333,0.0,1009.2125,11.929166666666667,16.1,55
2025-03-26,15.883333333333333,28.179166666666664,349.8333333333333,14.945833333333333,11.604166666666666,105.04166666666667,26.037499999999998,29.5,23.8,70.0,0.0,1006.6208333333334,12.929166666666667,17.2,59
2025-03-27,27.170833333333334,82.35833333333333,414.9583333333333,14.679166666666667,11.095833333333333,110.91666666666667,27.170833333333334,33.9,22.8,42.208333333333336,0.0,1009.0625,11.441666666666668,16.7,83
2025-03-28,27.454166666666666,93.35833333333333,549.2916666666666,22.608333333333334,16.412499999999998,108.95833333333333,26.208333333333332,32.1,20.9,23.625,0.0,1011.3666666666667,9.820833333333333,15.1,83
2025-03-29,28.587500000000002,55.916666666666664,776.4166666666666,34.61666666666667,15.804166666666667,88.79166666666667,26.97083333333333,33.4,22.4,22.458333333333332,0.0,1010.7541666666666,7.654166666666666,13.7,86
2025-03-30,21.579166666666666,38.6,530.7083333333334,23.03333333333333,18.866666666666667,117.54166666666667,26.516666666666666,33.8,21.2,39.875,0.0,1010.5041666666666,9.549999999999999,15.4,71
2025-03-31,19.0,38.50833333333333,627.3333333333334,22.583333333333332,15.954166666666667,93.54166666666667,26.075,32.0,20.5,65.54166666666667,0.0,1010.0208333333334,8.108333333333333,13.6,66
2025-04-01,25.320833333333336,62.512499999999996,588.625,27.433333333333334,18.483333333333334,89.66666666666667,27.183333333333334,34.6,21.6,62.375,0.0,1008.3291666666668,7.9875,13.7,79
2025-04-02,25.825,44.02916666666667,689.0,34.99583333333333,21.745833333333334,80.70833333333333,27.141666666666666,33.7,21.7,60.541666666666664,0.0,1007.8291666666668,6.879166666666666,12.1,80
2025-04-03,22.545833333333334,37.3,571.5,29.1375,16.508333333333333,83.125,27.349999999999998,32.8,22.8,65.95833333333333,0.0,1009.225,8.979166666666666,14.5,73
2025-04-04,18.879166666666666,29.087500000000002,646.0833333333334,26.40416666666667,16.266666666666666,99.375,27.983333333333334,34.0,22.9,61.208333333333336,0.0,1010.8416666666667,8.708333333333334,13.9,65
2025-04-05,11.245833333333332,14.7125,402.2916666666667,18.0625,11.4,90.375,28.495833333333334,33.9,24.0,60.666666666666664,0.0,1010.1291666666666,11.008333333333333,15.3,47
2025-04-06,12.245833333333332,28.695833333333336,348.625,13.516666666666666,8.983333333333333,96.0,30.28333333333333,36.6,25.8,42.166666666666664,0.0,1008.0583333333334,15.275,19.7,51
2025-04-07,13.295833333333334,21.34583333333333,390.5,14.65,9.612499999999999,96.0,29.166666666666668,33.3,26.6,54.291666666666664,0.0,1007.8166666666666,14.058333333333332,17.9,54
2025-04-08,22.745833333333334,37.69166666666667,450.5833333333333,20.5625,13.458333333333334,82.83333333333333,28.025000000000002,31.6,25.1,71.5,0.0,1009.0875,9.5375,14.3,73
2025-04-09,21.045833333333334,41.84166666666667,449.9583333333333,21.412499999999998,13.758333333333333,74.95833333333333,27.683333333333334,31.5,24.6,76.58333333333333,0.0,1008.6583333333333,9.85,15.2,70
2025-04-10,17.1625,35.22083333333333,308.375,15.816666666666668,12.120833333333332,80.375,27.708333333333332,31.7,24.7,77.375,0.0,1005.1374999999999,11.887500000000001,15.4,62
2025-04-11,22.391666666666666,47.68333333333334,347.2083333333333,14.529166666666667,11.020833333333334,82.58333333333333,28.037499999999998,32.4,25.3,76.95833333333333,0.0,1002.1708333333332,11.733333333333334,16.1,73
2025-04-12,21.641666666666666,48.38333333333333,379.5416666666667,15.112499999999999,10.75,87.83333333333333,29.46666666666667,35.3,25.5,65.54166666666667,0.0,1004.6999999999999,10.737499999999999,14.5,71
2025-04-13,15.762500000000001,32.270833333333336,294.4166666666667,10.575000000000001,9.8125,78.58333333333333,28.625,33.0,25.8,72.70833333333333,0.0,1008.1666666666666,13.683333333333332,17.9,59
2025-04-14,15.954166666666666,29.429166666666664,287.1666666666667,10.450000000000001,9.195833333333333,76.16666666666667,28.304166666666664,32.0,25.8,76.29166666666667,0.0,1007.9416666666666,16.291666666666668,20.9,59
2025-04-15,17.745833333333334,37.0,279.7083333333333,10.483333333333333,9.954166666666667,76.95833333333333,28.724999999999998,32.7,25.9,77.08333333333333,0.0,1006.5708333333333,14.804166666666667,18.1,63
2025-04-16,18.662499999999998,41.791666666666664,281.8333333333333,9.9125,9.354166666666666,75.20833333333333,29.03333333333333,33.2,26.0,71.875,0.0,1005.8416666666667,14.549999999999999,19.1,65
2025-04-17,14.716666666666667,31.425,276.5416666666667,9.816666666666666,8.570833333333333,73.20833333333333,29.375,33.6,26.4,67.29166666666667,0.0,1004.9083333333333,16.783333333333335,21.7,57
2025-04-18,17.254166666666666,37.516666666666666,269.9166666666667,9.375,9.674999999999999,92.91666666666667,28.804166666666664,32.2,26.3,71.375,0.0,1004.6541666666667,14.975000000000001,18.5,62
2025-04-19,52.29583333333333,209.775,314.2083333333333,9.866666666666665,10.983333333333334,105.5,29.974999999999998,34.7,26.3,60.125,0.0,1003.5791666666668,13.904166666666667,16.7,142
2025-04-20,51.387499999999996,183.67499999999998,454.0,14.799999999999999,11.745833333333332,99.625,31.270833333333332,38.8,25.5,40.333333333333336,0.0,1005.3958333333334,11.629166666666668,16.9,140
2025-04-21,45.1,135.11249999999998,471.9166666666667,18.116666666666667,15.545833333333334,100.91666666666667,30.266666666666666,38.2,25.2,44.541666666666664,0.0,1008.2958333333332,9.970833333333333,18.1,125
2025-04-22,34.65,89.41666666666667,532.8333333333334,19.945833333333333,16.170833333333334,97.08333333333333,29.349999999999998,35.7,25.0,59.291666666666664,0.0,1009.8916666666668,7.879166666666666,14.0,98
2025-04-23,28.833333333333332,81.21249999999999,440.0416666666667,17.129166666666666,12.283333333333333,88.29166666666667,28.96666666666667,35.2,24.3,66.375,0.0,1007.5375,9.404166666666667,15.4,86
2025-04-24,20.900000000000002,44.59583333333333,383.5833333333333,14.533333333333333,11.075000000000001,96.0,29.099999999999998,33.8,25.6,69.5,0.0,1005.0916666666667,11.516666666666666,18.3,70
2025-04-25,22.504166666666666,54.17083333333333,405.2083333333333,14.720833333333333,11.479166666666666,86.33333333333333,28.875,33.1,25.5,75.70833333333333,0.0,1005.0625,9.3,15.4,73
2025-04-26,25.849999999999998,69.31666666666666,369.7083333333333,18.104166666666668,12.700000000000001,96.16666666666667,31.1125,37.4,27.0,56.416666666666664,0.0,1004.3083333333334,11.625,18.0,80
2025-04-27,28.212500000000002,71.2625,409.0416666666667,18.658333333333335,11.758333333333333,79.54166666666667,30.391666666666666,35.0,26.6,62.625,0.0,1005.4208333333332,10.408333333333333,17.3,85
2025-04-28,22.233333333333334,47.9,367.8333333333333,15.362499999999999,10.283333333333333,83.0,30.974999999999998,35.7,27.0,59.791666666666664,0.0,1003.7541666666666,11.929166666666667,18.4,72
2025-04-29,13.508333333333333,20.395833333333332,322.3333333333333,12.870833333333332,8.758333333333333,90.45833333333333,31.608333333333334,35.3,29.1,51.666666666666664,0.0,1002.9875000000001,14.725,20.3,54
2025-04-30,14.645833333333334,24.425,294.75,11.112499999999999,8.870833333333334,82.08333333333333,31.05,35.5,28.3,56.791666666666664,0.0,1004.5416666666666,14.704166666666666,20.2,56
2025-05-01,15.679166666666667,25.241666666666664,282.0833333333333,10.008333333333335,9.066666666666666,81.79166666666667,30.22083333333333,33.6,27.7,65.16666666666667,0.0,1005.4416666666666,14.695833333333333,20.5,59
2025-05-02,16.495833333333334,27.354166666666668,271.1666666666667,10.395833333333334,9.570833333333333,77.54166666666667,29.97083333333333,33.2,27.7,70.66666666666667,0.0,1005.0625,14.608333333333334,19.8,60
2025-05-03,17.333333333333332,31.308333333333334,305.0833333333333,14.924999999999999,11.845833333333333,80.95833333333333,30.129166666666666,34.4,27.2,71.41666666666667,0.0,1003.3541666666666,12.279166666666667,18.2,62
2025-05-04,18.741666666666667,30.883333333333336,351.4583333333333,14.0625,11.095833333333333,82.45833333333333,30.020833333333332,33.5,27.3,71.0,0.0,1001.7416666666667,11.279166666666667,18.0,65
2025-05-05,25.96666666666667,69.09166666666667,525.5,17.5125,14.516666666666666,84.375,29.75,33.0,26.4,68.91666666666667,0.0,1001.9125,7.445833333333333,13.4,80
2025-05-06,36.06666666666667,93.61666666666667,492.625,25.5625,21.879166666666666,83.16666666666667,29.670833333333334,32.8,27.2,74.66666666666667,0.0,1003.5625,8.591666666666667,13.0,102
2025-05-07,21.8875,53.84166666666667,397.125,15.641666666666666,21.220833333333335,74.66666666666667,29.770833333333332,33.5,27.3,75.75,0.0,1002.6458333333334,7.695833333333333,14.9,72
2025-05-08,21.325,47.04583333333333,313.5416666666667,18.995833333333334,17.208333333333332,53.791666666666664,29.616666666666664,32.2,27.2,75.66666666666667,0.0,1003.5625,7.191666666666666,12.1,70
2025-05-09,28.429166666666664,70.41250000000001,341.0,16.466666666666665,18.016666666666666,63.166666666666664,29.866666666666664,32.4,27.3,72.0,0.0,1005.8291666666668,8.275,13.6,85
2025-05-10,29.583333333333332,69.45,275.8333333333333,13.6,16.879166666666666,70.54166666666667,30.05,34.0,27.0,70.16666666666667,0.0,1006.3208333333333,11.066666666666668,17.2,88
2025-05-11,33.90833333333333,77.57083333333334,259.2916666666667,10.458333333333334,13.245833333333332,77.08333333333333,29.712500000000002,32.5,27.3,76.04166666666667,0.0,1005.15,12.924999999999999,18.0,97
2025-05-12,30.666666666666668,75.21249999999999,240.25,9.25,12.079166666666666,86.66666666666667,29.491666666666664,32.1,27.4,76.41666666666667,0.1,1003.6791666666667,13.775,18.5,90
2025-05-13,19.645833333333332,37.4375,244.75,9.6875,12.200000000000001,85.41666666666667,29.566666666666666,32.7,26.8,77.0,0.0,1003.6999999999999,12.604166666666666,17.3,67
2025-05-14,22.504166666666666,45.25833333333333,294.3333333333333,12.629166666666668,13.304166666666667,83.0,30.4875,34.5,27.3,75.66666666666667,0.0,1003.4541666666668,10.737499999999999,15.5,73
2025-05-15,21.754166666666666,44.94166666666666,314.8333333333333,15.566666666666668,13.670833333333334,80.66666666666667,30.504166666666666,33.7,27.6,75.70833333333333,0.0,1003.3833333333333,10.345833333333333,16.2,71
2025-05-16,19.516666666666666,37.31666666666667,289.0,14.470833333333333,12.35,72.83333333333333,30.15833333333333,32.8,27.8,79.29166666666667,0.0,1002.8833333333333,11.179166666666667,14.9,67
2025-05-17,18.412499999999998,37.87083333333333,250.20833333333334,12.541666666666666,13.095833333333333,66.04166666666667,30.15416666666667,32.5,28.1,74.75,0.0,1002.7041666666668,11.991666666666667,16.2,64
2025-05-18,16.883333333333333,33.737500000000004,256.0833333333333,11.8125,14.391666666666666,62.083333333333336,30.1875,32.8,28.1,73.33333333333333,0.0,1003.1041666666666,10.216666666666667,15.4,61
2025-05-19,18.474999999999998,40.045833333333334,222.625,11.391666666666666,13.004166666666668,58.125,30.025000000000002,32.7,27.9,72.625,0.0,1002.7416666666667,12.129166666666668,16.7,64
2025-05-20,23.045833333333334,69.88333333333334,208.41666666666666,8.483333333333333,12.091666666666667,62.625,30.400000000000002,33.3,28.2,70.875,0.0,1002.1791666666667,13.720833333333333,17.2,74
2025-05-21,27.40833333333333,105.09583333333335,218.95833333333334,8.9125,13.270833333333334,70.20833333333333,30.229166666666668,32.9,28.1,72.66666666666667,0.0,1001.9791666666666,13.975,16.3,83
2025-05-22,22.941666666666666,83.22500000000001,221.79166666666666,10.112499999999999,12.887500000000001,65.29166666666667,29.974999999999998,32.5,27.9,74.70833333333333,0.2,1001.0375,13.737499999999999,17.3,74
2025-05-23,18.754166666666666,54.175000000000004,211.66666666666666,10.4625,11.433333333333332,64.83333333333333,30.233333333333334,33.8,27.7,73.95833333333333,0.0,998.7083333333334,14.970833333333333,17.1,65
2025-05-24,21.72083333333333,57.24583333333334,209.125,8.737499999999999,11.541666666666666,67.70833333333333,30.570833333333336,33.2,28.5,72.66666666666667,0.0,998.3458333333333,15.445833333333333,18.3,71
2025-05-25,27.670833333333334,68.5625,213.08333333333334,8.670833333333333,11.591666666666667,67.08333333333333,30.9375,33.9,28.8,75.0,0.0,999.7125,14.529166666666667,17.7,84
2025-05-26,28.395833333333332,62.32083333333333,222.375,10.029166666666667,12.158333333333333,67.33333333333333,31.266666666666666,35.5,28.8,74.0,0.0,1000.5333333333333,14.245833333333332,17.2,85
2025-05-27,22.8625,47.43333333333334,211.83333333333334,8.291666666666666,10.674999999999999,66.54166666666667,30.8125,34.0,28.6,74.625,0.0,998.6541666666667,16.008333333333333,19.1,74
2025-05-28,26.77916666666667,67.37916666666666,275.0833333333333,11.329166666666666,12.9125,75.5,30.854166666666668,34.5,28.5,78.5,0.0,997.4375,13.1,17.7,82
2025-05-29,33.958333333333336,126.78750000000001,386.5,12.829166666666666,12.762500000000001,94.66666666666667,32.37083333333333,36.8,28.2,66.25,0.0,995.5749999999999,11.045833333333334,21.6,97
2025-05-30,38.17916666666667,149.11666666666667,256.9166666666667,9.083333333333334,7.695833333333333,97.95833333333333,32.608333333333334,38.3,29.8,58.791666666666664,0.0,994.7333333333332,18.041666666666668,24.7,108
2025-05-31,35.00416666666667,136.88333333333333,234.41666666666666,7.0625,8.3375,87.79166666666667,31.354166666666668,36.3,28.6,72.70833333333333,0.0,997.2166666666667,18.183333333333334,21.2,99
2025-06-01,36.333333333333336,141.975,289.375,9.583333333333334,9.345833333333333,83.0,31.954166666666666,37.7,28.7,64.75,0.0,997.2583333333333,15.258333333333333,19.8,103
2025-06-02,43.34166666666667,188.15833333333333,253.58333333333334,8.979166666666666,10.191666666666666,82.91666666666667,30.695833333333336,33.8,28.6,75.20833333333333,0.0,996.6,15.549999999999999,18.5,120
2025-06-03,29.6125,90.02083333333333,245.875,8.170833333333333,9.275,82.83333333333333,29.879166666666666,32.2,28.0,79.04166666666667,0.0,998.3666666666667,15.933333333333332,18.4,88
2025-06-04,29.2,84.20416666666667,217.625,8.666666666666666,11.15,77.0,30.125,32.6,28.0,73.875,0.1,1001.1333333333333,15.283333333333333,18.9,87
2025-06-05,24.416666666666668,72.89583333333333,211.5,8.991666666666667,11.854166666666666,67.16666666666667,30.287499999999998,32.7,28.3,69.625,0.0,1005.0875,12.716666666666667,15.4,77
2025-06-06,25.3875,65.8125,197.25,8.575000000000001,11.825000000000001,68.875,30.420833333333334,33.2,28.4,68.0,0.0,1007.0666666666666,14.262500000000001,17.9,79
2025-06-07,24.308333333333334,67.27083333333333,187.375,7.904166666666666,10.4,70.29166666666667,29.958333333333332,32.6,27.9,70.625,0.0,1006.4541666666668,16.9875,20.6,77
2025-06-08,21.95,53.30416666666667,194.0,7.708333333333333,10.495833333333334,75.75,30.025000000000002,32.5,28.1,70.66666666666667,0.0,1005.9,16.466666666666665,20.1,72
2025-06-09,22.554166666666664,50.145833333333336,191.08333333333334,8.104166666666666,10.4375,71.125,30.045833333333334,32.4,28.1,69.58333333333333,0.0,1005.0333333333333,16.945833333333333,20.8,73
2025-06-10,20.770833333333332,48.1875,196.45833333333334,7.070833333333333,9.775,71.29166666666667,30.379166666666666,33.1,28.4,67.91666666666667,0.0,1002.8458333333333,17.829166666666666,21.7,69
2025-06-11,21.537499999999998,48.083333333333336,199.83333333333334,7.541666666666667,10.495833333333334,70.04166666666667,30.40416666666667,32.9,28.5,71.29166666666667,0.0,1001.9250000000001,16.6375,20.9,71
2025-06-12,17.558333333333334,35.604166666666664,197.125,8.095833333333333,10.933333333333332,67.625,30.329166666666666,33.0,28.5,76.45833333333333,0.0,1000.4,15.754166666666668,20.0,62
2025-06-13,20.1625,52.88333333333333,242.125,10.700000000000001,12.420833333333334,71.625,30.77916666666667,35.4,28.2,79.625,0.0,998.7041666666668,13.316666666666668,19.1,68
2025-06-14,31.058333333333334,105.69583333333333,308.8333333333333,13.820833333333333,14.579166666666666,77.125,30.420833333333334,32.8,28.4,82.33333333333333,0.0,996.8791666666666,11.1,15.0,91
2025-06-15,34.050000000000004,126.3625,339.3333333333333,15.8125,14.825000000000001,70.83333333333333,30.329166666666666,33.4,27.8,79.79166666666667,0.0,995.6541666666667,8.670833333333333,13.0,97
2025-06-16,40.545833333333334,117.09583333333335,339.5,27.645833333333332,27.733333333333334,74.91666666666667,31.879166666666666,38.0,28.9,74.16666666666667,2.4,995.525,7.5625,15.8,113
2025-06-17,33.025,100.62083333333334,289.4583333333333,16.291666666666668,14.987499999999999,70.875,31.90833333333333,36.1,29.1,74.54166666666667,0.0,996.4,11.095833333333333,16.4,95
2025-06-18,22.0,47.85833333333333,214.45833333333334,7.2749999999999995,10.433333333333334,73.20833333333333,30.575,33.5,28.3,77.33333333333333,0.2,997.5791666666668,17.691666666666666,22.0,72
2025-06-19,20.3625,48.395833333333336,197.91666666666666,6.083333333333333,8.154166666666667,65.625,30.333333333333332,32.4,28.8,75.83333333333333,0.4,996.2791666666667,21.337500000000002,26.8,68
2025-06-20,21.158333333333335,50.9625,224.66666666666666,7.508333333333333,8.612499999999999,63.333333333333336,30.041666666666668,31.5,28.7,81.79166666666667,3.4,997.1041666666666,18.629166666666666,23.6,70
2025-06-21,20.054166666666667,43.6,226.25,8.362499999999999,9.966666666666667,61.916666666666664,30.087500000000002,31.8,28.7,82.91666666666667,4.0,998.4708333333333,17.129166666666666,22.3,68
2025-06-22,23.133333333333336,57.23333333333333,245.125,10.458333333333334,11.758333333333333,64.91666666666667,29.941666666666666,32.1,28.7,81.0,1.1,997.2833333333333,14.670833333333334,19.2,74
2025-06-23,26.604166666666668,64.375,241.33333333333334,11.012500000000001,13.112499999999999,66.0,30.254166666666666,32.5,28.5,79.625,0.7000000000000001,995.8833333333333,13.35,18.1,82
2025-06-24,30.3125,85.29583333333333,260.9166666666667,10.979166666666666,14.112499999999999,68.25,30.3125,32.8,28.3,79.29166666666667,0.4,994.6458333333334,12.275,17.2,89
2025-06-25,32.25,83.03333333333333,367.2083333333333,16.304166666666667,17.129166666666666,66.16666666666667,29.995833333333334,32.2,28.4,78.58333333333333,0.0,995.3166666666666,9.408333333333333,13.9,93
2025-06-26,30.058333333333334,96.22500000000001,409.625,17.104166666666668,18.091666666666665,56.25,30.929166666666664,34.2,28.6,77.08333333333333,0.0,996.9333333333334,6.816666666666666,12.6,89
2025-06-27,34.27916666666667,71.84166666666667,502.0416666666667,26.825,20.9375,69.58333333333333,29.78333333333333,35.9,27.0,81.95833333333333,17.1,996.7958333333332,8.0625,12.5,98
2025-06-28,23.020833333333332,46.74583333333334,436.8333333333333,16.845833333333335,14.379166666666668,79.58333333333333,27.983333333333334,29.6,26.7,88.58333333333333,36.2,996.4333333333334,11.279166666666667,16.5,74
2025-06-29,15.125,26.429166666666664,332.5416666666667,16.441666666666666,14.920833333333334,67.66666666666667,28.933333333333334,30.3,27.2,84.45833333333333,1.5,995.8166666666666,12.1,17.1,57
2025-06-30,24.412499999999998,61.583333333333336,257.3333333333333,12.254166666666668,11.012500000000001,57.125,29.854166666666668,31.6,28.3,81.54166666666667,1.1,996.1458333333334,16.408333333333335,22.1,77
2025-07-01,23.420833333333334,56.770833333333336,246.5,10.929166666666667,10.816666666666668,53.875,29.866666666666664,32.0,28.2,81.54166666666667,0.8,997.2708333333334,14.333333333333334,18.3,75
2025-07-02,23.075,68.82083333333334,250.08333333333334,11.520833333333334,11.950000000000001,53.458333333333336,29.820833333333336,31.6,27.9,81.125,1.2000000000000002,997.1791666666667,13.570833333333333,16.8,74
2025-07-03,27.691666666666666,84.2375,322.25,16.370833333333334,16.462500000000002,48.791666666666664,29.962500000000002,32.5,28.1,80.375,0.4,997.1708333333332,10.450000000000001,13.5,84
2025-07-04,29.058333333333334,84.57916666666667,286.5416666666667,16.554166666666667,15.9,50.625,30.412499999999998,33.1,28.7,78.41666666666667,0.2,997.875,9.987499999999999,15.1,87
2025-07-05,33.27916666666667,93.98333333333333,242.29166666666666,11.195833333333333,12.741666666666667,68.16666666666667,30.958333333333332,33.8,28.7,75.625,0.5,997.3000000000001,11.7875,16.6,96
2025-07-06,27.9875,77.71249999999999,228.54166666666666,11.658333333333333,12.558333333333332,69.58333333333333,30.587500000000002,32.4,28.7,76.25,0.8,996.3000000000001,14.2125,17.8,84
2025-07-07,33.829166666666666,92.66666666666667,313.7916666666667,19.412499999999998,19.599999999999998,60.5,30.429166666666664,33.1,28.6,76.375,0.0,996.4041666666667,8.945833333333333,13.5,97
2025-07-08,34.800000000000004,100.04583333333333,312.8333333333333,16.554166666666667,17.958333333333332,70.5,30.724999999999998,33.7,28.6,74.45833333333333,0.2,997.7833333333333,9.2125,17.0,99
2025-07-09,32.604166666666664,91.84583333333335,265.25,15.475,15.379166666666665,58.5,30.504166666666666,32.7,28.3,77.58333333333333,0.6000000000000001,998.0,11.025,14.7,94
2025-07-10,32.37916666666667,99.40416666666665,270.4166666666667,16.195833333333333,14.887500000000001,53.833333333333336,30.245833333333334,32.3,28.4,76.875,0.5,998.8291666666668,10.445833333333333,13.5,94
2025-07-11,27.9875,76.96666666666667,259.0416666666667,15.391666666666666,15.208333333333334,52.5,30.412499999999998,32.8,28.3,75.79166666666667,0.2,1000.225,11.070833333333333,16.0,84
2025-07-12,25.47083333333333,73.87083333333334,233.08333333333334,12.762500000000001,12.85,55.458333333333336,30.183333333333334,32.1,28.4,74.33333333333333,0.1,1001.4708333333333,12.941666666666668,16.1,79
2025-07-13,24.620833333333334,79.7625,223.625,9.770833333333334,11.295833333333334,60.5,29.9375,32.2,28.2,74.95833333333333,0.6000000000000001,1000.9708333333333,15.2125,17.7,77
2025-07-14,25.212500000000002,85.36666666666667,220.0,9.0375,11.220833333333333,64.66666666666667,29.879166666666666,32.3,28.0,77.70833333333333,0.7000000000000001,998.9499999999999,15.629166666666668,18.2,79
2025-07-15,29.287499999999998,82.0625,234.16666666666666,11.591666666666667,13.304166666666667,59.916666666666664,29.900000000000002,32.2,27.8,74.16666666666667,0.0,998.8166666666666,12.666666666666666,15.8,87
2025-07-16,27.858333333333334,74.47083333333333,242.875,11.620833333333332,12.483333333333334,56.375,29.866666666666664,32.1,27.7,73.0,0.1,999.2916666666666,11.729166666666666,16.6,84
2025-07-17,28.15833333333333,76.37916666666666,254.875,11.320833333333333,13.8375,54.916666666666664,29.704166666666666,31.7,28.1,76.0,1.1,1000.3874999999999,12.025,16.5,85
2025-07-18,26.008333333333336,68.875,248.54166666666666,10.5625,14.491666666666667,56.125,30.391666666666666,33.2,28.1,69.25,0.0,1001.025,10.879166666666668,14.7,80
2025-07-19,25.041666666666668,66.14583333333333,206.91666666666666,8.566666666666666,12.645833333333334,56.833333333333336,30.21666666666667,33.0,28.2,73.375,0.5,997.85,15.424999999999999,18.3,78
2025-07-20,25.316666666666666,65.22500000000001,250.625,10.904166666666667,13.908333333333333,50.916666666666664,29.745833333333334,32.1,28.0,76.04166666666667,0.0,996.5375,13.229166666666666,15.4,79
2025-07-21,28.558333333333334,67.70833333333333,264.4166666666667,13.316666666666668,14.475,54.333333333333336,30.0125,32.3,27.6,76.41666666666667,1.8,998.3000000000001,11.6,16.3,86
2025-07-22,27.454166666666666,66.30416666666666,232.04166666666666,10.641666666666667,11.883333333333333,56.5,30.191666666666666,32.6,28.4,74.66666666666667,0.4,999.2125,13.545833333333334,17.8,83
2025-07-23,23.741666666666664,60.1625,221.70833333333334,8.137500000000001,8.920833333333333,57.708333333333336,29.429166666666664,30.8,28.2,77.625,1.8,996.5166666666668,18.445833333333333,21.5,75
2025-07-24,25.8875,63.44583333333333,246.29166666666666,9.0875,10.7125,60.666666666666664,29.675,32.1,27.7,76.75,1.8,995.2833333333333,14.424999999999999,16.6,80
2025-07-25,24.270833333333332,65.19166666666666,249.625,10.270833333333334,11.829166666666666,60.375,29.72083333333333,32.1,27.6,76.83333333333333,0.6000000000000001,995.8874999999999,12.9375,16.0,77
2025-07-26,26.391666666666666,72.40416666666667,233.20833333333334,9.4625,11.404166666666667,64.0,29.712500000000002,32.0,27.6,75.58333333333333,1.0,996.7125,15.154166666666667,18.9,81
2025-07-27,26.162499999999998,67.94583333333334,222.95833333333334,9.295833333333333,11.329166666666666,63.25,29.40416666666667,31.5,27.8,75.41666666666667,0.6000000000000001,997.1,15.395833333333334,19.4,81
2025-07-28,22.391666666666666,68.54583333333333,218.33333333333334,7.966666666666666,9.741666666666667,61.0,29.3625,31.4,27.9,75.0,0.2,997.6291666666666,17.333333333333332,21.1,73
2025-07-29,20.337500000000002,53.97083333333333,202.20833333333334,7.175,8.362499999999999,59.375,29.25,31.4,27.8,76.33333333333333,0.30000000000000004,997.7624999999999,19.758333333333333,24.2,68
2025-07-30,24.4875,65.79166666666667,222.75,8.391666666666667,9.8375,59.166666666666664,28.9375,31.1,27.4,79.25,1.5,996.6791666666667,17.291666666666668,21.1,77
2025-07-31,26.920833333333334,74.75416666666666,252.25,11.120833333333332,12.0625,56.25,28.808333333333334,31.0,26.9,80.08333333333333,1.2000000000000002,998.0375,12.125,15.1,82
2025-08-01,23.212500000000002,59.18333333333334,244.04166666666666,11.012500000000001,11.120833333333332,52.958333333333336,28.429166666666664,30.6,26.6,79.91666666666667,2.1,1000.2166666666667,14.179166666666667,19.3,74
2025-08-02,21.645833333333332,62.00416666666667,230.83333333333334,11.820833333333333,10.674999999999999,50.666666666666664,28.087500000000002,29.9,26.5,81.25,2.1,1000.9541666666668,15.783333333333333,19.6,71
2025-08-03,20.679166666666667,60.43333333333334,233.45833333333334,9.700000000000001,10.933333333333332,57.5,28.3125,30.2,26.5,80.20833333333333,1.3,1001.7791666666667,14.25,17.8,69
2025-08-04,18.120833333333334,49.76666666666667,218.04166666666666,10.079166666666667,10.35,55.333333333333336,28.34166666666667,30.7,26.3,79.5,1.5,1003.1916666666666,15.0375,19.5,64
2025-08-05,19.229166666666668,47.26666666666667,223.375,9.683333333333334,9.233333333333333,53.041666666666664,28.041666666666668,30.1,26.3,80.0,2.0,1002.5958333333333,16.879166666666666,20.9,66
2025-08-06,20.9375,50.0625,246.95833333333334,9.4,9.970833333333333,53.5,28.0,30.1,26.2,79.625,1.9000000000000001,1003.0458333333332,16.066666666666666,19.6,70
2025-08-07,21.566666666666666,50.68333333333334,251.0,10.825000000000001,11.083333333333334,52.708333333333336,28.066666666666666,30.2,26.1,80.375,2.2,1003.3874999999999,15.020833333333334,19.0,71
2025-08-08,18.650000000000002,42.59166666666667,223.04166666666666,8.7125,9.754166666666666,53.666666666666664,28.270833333333332,30.7,26.2,76.75,0.9,1003.8083333333334,16.366666666666667,19.3,65
2025-08-09,17.291666666666668,39.275,212.125,8.820833333333333,10.091666666666667,50.25,28.208333333333332,30.6,26.5,78.33333333333333,1.9000000000000001,1005.2624999999999,15.9375,18.6,62
2025-08-10,19.412499999999998,43.3125,214.25,8.879166666666666,10.341666666666667,50.208333333333336,28.0125,30.1,26.3,79.04166666666667,1.7,1004.4041666666667,15.395833333333334,18.7,66
2025-08-11,19.3875,46.84166666666667,223.33333333333334,8.9125,9.237499999999999,45.708333333333336,27.695833333333336,29.3,26.2,80.0,1.6,1003.6541666666667,17.183333333333334,21.4,66
2025-08-12,18.741666666666667,39.62083333333333,223.95833333333334,8.512500000000001,8.941666666666666,46.375,28.008333333333336,29.5,26.7,77.04166666666667,1.8,1001.5583333333334,18.175,22.0,65
2025-08-13,21.433333333333334,46.5875,265.4166666666667,11.166666666666666,11.808333333333332,47.791666666666664,28.087500000000002,29.8,26.4,80.58333333333333,1.2000000000000002,999.5625,13.033333333333333,17.6,71
2025-08-14,21.78333333333333,50.8375,396.2083333333333,17.958333333333332,16.391666666666666,41.166666666666664,28.491666666666664,30.6,26.7,82.0,0.1,1000.3583333333332,7.2625,13.7,71
2025-08-15,27.40416666666667,69.17083333333333,471.875,20.954166666666666,20.900000000000002,53.25,29.354166666666668,32.7,27.2,77.25,0.30000000000000004,1000.6750000000001,6.1375,13.4,83
2025-08-16,27.879166666666666,64.25833333333334,323.1666666666667,21.208333333333332,21.791666666666668,61.458333333333336,29.495833333333334,32.9,27.1,77.95833333333333,0.0,999.3791666666666,7.4750000000000005,14.6,84
2025-08-17,23.041666666666668,46.9,329.4166666666667,17.591666666666665,18.483333333333334,62.25,30.037499999999998,33.1,27.5,75.875,0.0,998.7583333333333,8.6,13.1,74
2025-08-18,25.504166666666666,40.166666666666664,470.4583333333333,21.620833333333334,19.537499999999998,72.0,30.5625,35.4,27.8,78.125,7.4,999.7041666666668,7.7875000000000005,12.7,79
2025-08-19,28.008333333333336,45.56666666666666,416.625,26.825,18.354166666666668,64.29166666666667,28.683333333333334,32.2,26.8,85.95833333333333,22.3,999.9291666666667,7.095833333333334,10.6,84
2025-08-20,29.1125,35.725,1137.5833333333333,23.25,13.683333333333332,86.91666666666667,28.704166666666666,33.0,26.3,87.45833333333333,26.8,998.375,6.333333333333333,12.2,87
2025-08-21,25.754166666666666,31.395833333333332,1403.3333333333333,33.170833333333334,19.0,54.125,28.120833333333334,31.6,26.3,89.83333333333333,40.2,1000.5166666666668,4.708333333333333,11.3,80
2025-08-22,24.766666666666666,32.24583333333333,359.25,26.224999999999998,17.6125,67.45833333333333,28.09583333333333,29.8,26.7,87.70833333333333,1.4,1000.6666666666666,12.491666666666667,16.8,78
2025-08-23,25.2625,50.76666666666667,254.25,10.4,9.512500000000001,57.958333333333336,28.25,29.9,26.9,85.125,1.6,999.375,17.283333333333335,21.1,79
2025-08-24,22.133333333333336,55.6625,250.45833333333334,10.825000000000001,9.708333333333334,52.375,28.191666666666666,30.1,26.9,86.75,2.1,1000.0916666666667,16.204166666666666,22.6,72
2025-08-25,22.370833333333334,65.05416666666666,297.4583333333333,13.983333333333334,12.879166666666668,47.708333333333336,28.204166666666666,29.9,26.5,86.91666666666667,0.7000000000000001,1000.8874999999999,12.404166666666667,15.4,73
2025-08-26,26.599999999999998,85.5,334.2916666666667,16.224999999999998,13.700000000000001,44.875,28.087500000000002,30.0,26.3,85.20833333333333,0.1,1001.9125,9.295833333333333,13.2,81
2025-08-27,27.650000000000002,73.57916666666667,306.4166666666667,15.629166666666668,13.429166666666667,48.875,28.054166666666664,30.3,26.2,85.0,0.1,1002.0875,10.766666666666666,13.0,84
2025-08-28,29.275000000000002,73.41250000000001,291.5833333333333,13.825000000000001,13.404166666666667,54.0,28.079166666666666,30.9,26.0,83.66666666666667,0.1,1001.7416666666667,11.033333333333333,14.7,87
2025-08-29,33.40416666666667,90.24583333333334,324.375,14.9375,13.858333333333333,55.583333333333336,27.825,29.8,25.9,84.66666666666667,0.1,1001.1583333333333,10.858333333333334,15.0,96
2025-08-30,39.37916666666667,100.82916666666667,324.875,18.287499999999998,16.016666666666666,54.416666666666664,28.28333333333333,30.9,26.1,82.79166666666667,0.0,1002.9166666666666,9.108333333333333,13.6,111
2025-08-31,28.8,78.93333333333334,252.04166666666666,13.920833333333334,13.066666666666668,53.041666666666664,28.325,30.8,26.4,80.20833333333333,0.0,1002.4333333333334,13.116666666666667,18.3,86
2025-09-01,22.866666666666664,54.770833333333336,222.04166666666666,10.729166666666666,9.929166666666667,54.708333333333336,28.129166666666666,30.7,26.4,77.625,0.7999999999999999,999.9208333333332,16.591666666666665,19.5,74
2025-09-02,25.9375,54.75416666666666,253.79166666666666,12.4125,11.5625,55.083333333333336,28.104166666666668,30.4,26.1,77.45833333333333,0.5,1000.4833333333332,13.020833333333334,15.5,80
2025-09-03,31.433333333333334,65.41250000000001,271.25,17.037499999999998,14.158333333333333,51.708333333333336,28.525000000000002,31.5,25.9,72.91666666666667,0.0,1002.5,10.866666666666667,15.2,92
2025-09-04,26.90416666666667,63.97083333333333,254.70833333333334,15.195833333333333,14.516666666666666,54.791666666666664,28.212500000000002,31.4,25.6,76.91666666666667,0.0,1003.7291666666666,10.8375,14.8,82
2025-09-05,25.9875,54.362500000000004,254.16666666666666,12.858333333333334,13.116666666666667,61.208333333333336,28.708333333333332,32.9,25.8,77.91666666666667,0.0,1003.5833333333334,12.504166666666668,16.9,80
2025-09-06,27.070833333333336,54.925000000000004,229.33333333333334,13.066666666666668,11.933333333333332,56.333333333333336,28.645833333333332,32.3,26.3,78.58333333333333,0.0,1003.225,13.591666666666667,17.9,82
2025-09-07,23.166666666666668,44.362500000000004,231.83333333333334,12.145833333333334,11.5,55.25,28.412499999999998,31.9,26.4,78.375,0.0,1001.8791666666666,14.295833333333334,19.6,74
2025-09-08,25.77916666666667,50.0625,315.7916666666667,18.337500000000002,13.170833333333334,46.458333333333336,27.245833333333334,29.2,26.1,84.95833333333333,6.6,1001.0458333333332,12.595833333333333,18.9,80
2025-09-09,21.208333333333332,35.512499999999996,313.8333333333333,25.483333333333334,13.004166666666668,38.458333333333336,26.141666666666666,27.9,25.5,92.25,64.4,1002.6125000000001,14.858333333333334,21.0,70
2025-09-10,18.320833333333333,35.375,381.7916666666667,21.604166666666668,11.858333333333334,34.875,26.400000000000002,28.2,25.4,88.375,23.1,1005.5708333333333,13.979166666666666,19.0,64
2025-09-11,17.204166666666666,32.97083333333333,398.5,19.620833333333334,13.129166666666668,35.583333333333336,26.491666666666664,27.7,25.4,87.83333333333333,3.8000000000000003,1006.0375,10.041666666666666,13.4,62
2025-09-12,14.370833333333332,26.412499999999998,330.4166666666667,16.412499999999998,12.270833333333334,36.166666666666664,27.195833333333336,28.8,25.5,83.83333333333333,1.5,1006.8333333333334,11.0375,14.4,56
2025-09-13,13.704166666666666,23.47083333333333,310.2083333333333,16.316666666666666,12.85,37.791666666666664,27.5125,29.3,25.8,81.375,0.0,1007.3666666666667,10.616666666666667,13.9,54
2025-09-14,12.504166666666668,21.537499999999998,248.25,12.083333333333334,10.933333333333332,41.875,27.633333333333336,29.6,26.0,81.29166666666667,0.30000000000000004,1007.1083333333332,13.633333333333333,17.1,52
2025-09-15,13.608333333333334,25.15833333333333,236.66666666666666,9.775,9.012500000000001,41.333333333333336,27.454166666666666,28.8,26.2,81.875,0.5,1005.2791666666667,17.529166666666665,21.8,54
2025-09-16,16.933333333333334,36.78333333333333,264.5,11.979166666666666,9.679166666666667,39.583333333333336,27.741666666666664,29.1,26.5,83.20833333333333,0.9,1003.7875,15.333333333333334,19.0,61
2025-09-17,22.879166666666666,60.02916666666667,353.2083333333333,16.9375,13.991666666666667,40.791666666666664,27.758333333333336,29.7,26.2,83.79166666666667,0.6000000000000001,1004.6916666666666,9.987499999999999,13.6,74
2025-09-18,27.025000000000002,77.60000000000001,344.5833333333333,19.724999999999998,14.387500000000001,44.416666666666664,27.4875,29.8,25.7,86.25,0.4,1004.9875000000001,9.654166666666667,13.6,82
2025-09-19,28.474999999999998,90.99583333333334,316.5,19.391666666666666,13.783333333333333,40.75,27.337500000000002,29.3,25.6,82.66666666666667,0.30000000000000004,1006.1625,10.275,14.8,85
2025-09-20,26.504166666666666,77.69166666666666,301.7916666666667,20.0,13.170833333333334,36.5,27.383333333333336,29.6,25.5,81.16666666666667,0.6000000000000001,1006.5333333333333,11.237499999999999,15.4,81
2025-09-21,24.224999999999998,70.12083333333334,262.25,17.1375,12.5625,39.916666666666664,27.525000000000002,30.2,25.3,75.83333333333333,0.0,1006.1875,11.995833333333332,16.6,76
2025-09-22,20.029166666666665,48.9625,239.95833333333334,12.816666666666668,11.241666666666667,47.5,27.754166666666666,30.1,25.6,75.0,0.2,1006.5625,13.620833333333332,16.5,68
2025-09-23,18.2,38.5375,231.54166666666666,12.245833333333332,10.858333333333334,47.583333333333336,27.662499999999998,29.3,26.2,78.04166666666667,0.8,1006.2791666666667,14.700000000000001,19.7,64
2025-09-24,21.9375,50.916666666666664,271.0833333333333,14.512500000000001,11.299999999999999,42.625,27.5625,28.9,26.1,80.125,2.0,1004.2875,13.895833333333334,17.7,72
2025-09-25,25.354166666666668,56.81666666666666,339.9166666666667,18.2375,14.258333333333333,42.666666666666664,27.670833333333334,29.8,25.5,81.83333333333333,0.5,1004.2791666666667,9.333333333333334,13.5,79
2025-09-26,29.854166666666668,58.487500000000004,404.625,23.866666666666664,17.533333333333335,48.166666666666664,27.974999999999998,31.9,25.0,77.08333333333333,0.0,1006.1958333333333,7.779166666666666,13.3,88
2025-09-27,22.287499999999998,35.625,323.8333333333333,22.166666666666668,17.2375,53.916666666666664,28.379166666666666,33.9,24.8,77.70833333333333,0.0,1007.5791666666668,9.204166666666667,13.2,72
2025-09-28,24.854166666666668,43.00833333333333,271.3333333333333,17.691666666666666,14.641666666666666,59.958333333333336,28.925,33.9,25.6,80.83333333333333,0.0,1005.225,11.512500000000001,15.7,78
2025-09-29,31.879166666666666,47.025,556.2916666666666,25.816666666666666,14.383333333333333,77.70833333333333,32.49583333333333,40.2,25.9,58.208333333333336,0.0,1000.7333333333332,9.487499999999999,16.5,93
2025-09-30,30.162499999999998,42.391666666666666,855.75,33.387499999999996,14.595833333333333,66.0,30.47083333333333,35.6,28.3,70.08333333333333,5.2,999.4958333333334,7.445833333333333,12.2,89
2025-10-01,16.533333333333335,17.516666666666666,617.7083333333334,13.691666666666668,9.108333333333333,77.91666666666667,29.90416666666667,33.5,26.7,70.41666666666667,0.30000000000000004,1000.275,9.854166666666666,13.7,60
2025-10-02,11.966666666666667,15.154166666666667,573.4583333333334,11.674999999999999,8.1625,67.70833333333333,30.22083333333333,34.1,27.2,66.41666666666667,0.30000000000000004,1003.0916666666667,11.070833333333333,16.1,50
2025-10-03,9.299999999999999,12.737499999999999,503.0416666666667,10.9125,7.891666666666667,58.958333333333336,28.78333333333333,31.5,26.8,74.20833333333333,2.2,1006.5124999999999,12.783333333333333,18.7,39
2025-10-04,13.583333333333334,19.787499999999998,505.6666666666667,16.216666666666665,10.875,45.25,27.991666666666664,31.4,25.5,81.125,6.7,1007.85,11.595833333333333,15.1,54
2025-10-05,14.512500000000001,21.070833333333333,322.5416666666667,12.879166666666668,11.0,57.833333333333336,28.55,31.4,26.5,78.5,2.0,1006.8791666666666,12.495833333333332,18.1,56
2025-10-06,33.579166666666666,119.35000000000001,276.5,9.345833333333333,8.854166666666666,78.625,28.920833333333334,31.8,27.2,68.125,0.0,1006.9333333333334,19.170833333333334,21.9,96
2025-10-07,36.733333333333334,148.92083333333332,528.4166666666666,17.283333333333335,14.004166666666668,67.41666666666667,28.8125,32.6,26.3,61.666666666666664,0.1,1008.7208333333333,11.325000000000001,17.8,104
2025-10-08,41.6,119.3625,613.4166666666666,33.19166666666667,22.320833333333336,56.625,27.59583333333333,32.1,23.8,68.0,0.2,1010.7333333333332,6.445833333333333,13.4,116
2025-10-09,40.53333333333333,100.59583333333335,629.625,30.0125,21.095833333333335,61.458333333333336,27.5,32.4,23.7,66.20833333333333,0.0,1012.4499999999999,7.395833333333333,13.5,113
2025-10-10,38.858333333333334,81.70416666666667,582.5,27.383333333333336,19.224999999999998,68.375,27.46666666666667,31.7,24.1,64.54166666666667,0.2,1011.4333333333334,7.7749999999999995,12.5,109
2025-10-11,41.454166666666666,74.15416666666667,727.3333333333334,27.458333333333332,19.733333333333334,74.16666666666667,27.245833333333334,31.5,23.7,65.25,0.5,1011.4916666666667,6.375,10.9,116
2025-10-12,38.38333333333333,60.275,582.9166666666666,24.3,18.883333333333333,86.0,27.900000000000002,33.1,23.6,57.916666666666664,0.0,1011.6458333333334,7.2124999999999995,11.0,108
2025-10-13,38.28333333333333,52.0,603.5833333333334,22.254166666666666,16.25,88.95833333333333,27.575,32.5,23.2,61.666666666666664,0.0,1011.8458333333333,7.995833333333334,13.0,108
2025-10-14,35.1625,43.958333333333336,526.7916666666666,22.579166666666666,16.2625,90.625,27.733333333333334,33.5,23.5,61.625,0.0,1010.2583333333333,8.879166666666666,13.6,100
2025-10-15,29.354166666666668,33.61666666666667,524.125,21.59166666666667,16.016666666666666,99.33333333333333,28.09583333333333,34.3,23.6,54.208333333333336,0.0,1009.3583333333332,9.533333333333333,15.7,87
2025-10-16,29.2,32.487500000000004,637.5,25.170833333333334,18.537499999999998,101.625,29.016666666666666,34.8,24.2,42.416666666666664,0.0,1009.7708333333334,8.395833333333334,13.1,87
2025-10-17,32.479166666666664,38.979166666666664,693.5416666666666,30.995833333333334,19.995833333333334,99.45833333333333,29.008333333333336,35.2,23.9,38.958333333333336,0.0,1011.1291666666666,7.458333333333333,14.1,94
2025-10-18,32.4125,38.512499999999996,739.125,31.21666666666667,21.337500000000002,101.04166666666667,28.46666666666667,35.2,23.3,55.125,0.0,1010.4833333333332,8.054166666666667,14.8,94
2025-10-19,27.483333333333334,35.05416666666667,621.5833333333334,26.75,19.0,92.875,28.8,35.3,24.1,51.541666666666664,0.0,1009.1041666666666,9.004166666666666,13.5,83
2025-10-20,24.108333333333334,30.433333333333334,595.75,28.604166666666668,18.008333333333333,89.66666666666667,29.204166666666666,36.1,24.4,43.375,0.0,1008.6833333333334,8.729166666666666,14.8,76
2025-10-21,33.78333333333333,40.35,886.6666666666666,37.333333333333336,19.933333333333334,77.95833333333333,29.545833333333334,36.0,23.8,39.333333333333336,0.0,1010.4958333333334,7.0125,11.2,97
2025-10-22,36.170833333333334,43.60833333333333,702.25,32.324999999999996,16.120833333333334,91.83333333333333,31.066666666666666,36.5,26.1,29.0,0.0,1011.775,10.3375,13.1,103
2025-10-23,38.770833333333336,49.90416666666667,902.75,43.895833333333336,18.191666666666666,82.25,29.870833333333334,36.1,24.4,33.166666666666664,0.0,1010.6166666666667,7.591666666666666,12.7,109
2025-10-24,36.704166666666666,41.85,1223.25,52.9625,21.520833333333332,75.66666666666667,29.766666666666666,36.1,24.2,31.75,0.0,1009.7708333333334,7.466666666666666,11.4,104
2025-10-25,27.224999999999998,31.0,1102.4166666666667,36.4,14.6875,84.54166666666667,30.241666666666664,36.3,24.8,27.041666666666668,0.0,1008.5291666666667,7.5625,11.0,83
2025-10-26,22.8125,25.675,571.2916666666666,19.075,11.345833333333333,100.79166666666667,30.650000000000002,35.7,24.8,23.708333333333332,0.0,1008.2958333333332,12.329166666666666,17.3,74
2025-10-27,24.958333333333332,28.954166666666666,506.5416666666667,13.75,10.783333333333333,105.16666666666667,30.4375,35.2,26.3,24.583333333333332,0.0,1008.2166666666667,15.666666666666666,21.7,78
2025-10-28,34.65,41.329166666666666,500.4583333333333,11.387500000000001,13.058333333333332,115.04166666666667,29.4875,33.6,25.5,32.583333333333336,0.0,1008.9916666666667,16.587500000000002,22.8,98
2025-10-29,35.025,39.09583333333333,469.7916666666667,12.0625,11.470833333333333,100.20833333333333,29.0,32.9,24.9,36.125,0.0,1008.8708333333334,16.179166666666667,22.5,99
2025-10-30,31.920833333333334,36.166666666666664,464.75,15.208333333333334,11.091666666666667,91.91666666666667,29.520833333333332,33.4,25.1,35.625,0.0,1008.4916666666667,14.616666666666667,20.3,93
2025-10-31,55.725,68.83333333333333,929.0416666666666,28.833333333333332,19.462500000000002,89.0,29.575,33.9,25.3,34.666666666666664,0.0,1009.5083333333333,7.616666666666667,12.5,151
2025-11-01,72.42083333333333,82.17916666666666,1176.8333333333333,50.03333333333333,24.84166666666667,68.66666666666667,27.825,33.0,23.3,38.75,0.0,1009.8916666666668,7.791666666666667,10.6,160
2025-11-02,54.9,61.37916666666666,963.5,43.21666666666667,26.945833333333336,70.54166666666667,27.479166666666668,33.9,22.5,50.583333333333336,0.0,1010.275,7.991666666666667,11.5,149
2025-11-03,33.170833333333334,56.49166666666667,710.7916666666666,23.4375,14.116666666666667,60.375,25.795833333333334,30.4,21.5,77.83333333333333,0.0,1009.1625,9.137500000000001,13.8,95
2025-11-04,28.037499999999998,45.041666666666664,452.875,22.21666666666667,12.620833333333332,69.41666666666667,28.25,34.9,21.6,45.583333333333336,0.0,1008.6708333333332,12.670833333333334,16.5,85
2025-11-05,31.833333333333332,44.78333333333333,984.6666666666666,35.858333333333334,13.616666666666667,65.5,27.191666666666666,34.2,21.7,23.541666666666668,0.0,1010.4625,8.991666666666667,16.0,92
2025-11-06,52.15,67.56666666666666,1097.2916666666667,48.85,26.75,73.125,25.116666666666664,31.6,20.3,38.583333333333336,0.0,1012.5291666666667,6.875,12.1,142
2025-11-07,43.666666666666664,61.50833333333333,796.4583333333334,34.07083333333333,19.537499999999998,74.08333333333333,24.724999999999998,31.7,19.1,51.541666666666664,0.0,1014.2583333333333,7.658333333333334,12.1,121
2025-11-08,42.44583333333333,55.75,936.0833333333334,30.425,17.962500000000002,73.25,23.891666666666666,28.6,18.4,66.75,0.0,1015.1125000000001,7.508333333333333,12.8,118
2025-11-09,43.541666666666664,70.74583333333334,1460.0416666666667,38.6875,22.979166666666668,51.333333333333336,23.6375,27.8,19.3,68.875,0.0,1013.7541666666666,5.541666666666667,10.3,121
2025-11-10,35.012499999999996,48.025,1276.0,41.15416666666667,23.079166666666666,53.375,23.5,27.5,18.7,66.375,0.0,1012.75,5.6000000000000005,12.0,99
2025-11-11,41.225,48.5,1232.25,47.512499999999996,30.45,55.958333333333336,23.370833333333334,27.4,19.3,69.29166666666667,0.0,1014.0333333333333,5.354166666666667,10.9,115
2025-11-12,31.22083333333333,37.895833333333336,819.25,39.43333333333333,25.2375,65.45833333333333,23.75,28.6,19.3,70.0,0.0,1015.5916666666667,6.516666666666667,12.4,91
2025-11-13,27.47083333333333,38.175000000000004,778.9166666666666,29.77916666666667,25.400000000000002,79.125,23.991666666666664,29.1,19.3,67.375,0.0,1016.5458333333332,6.9125000000000005,11.2,83
2025-11-14,27.645833333333332,34.762499999999996,808.125,33.6,23.962500000000002,68.91666666666667,23.945833333333336,29.8,18.9,60.25,0.0,1015.8541666666666,7.5249999999999995,13.6,84
2025-11-15,29.575,34.15833333333333,875.0833333333334,40.05416666666667,25.224999999999998,64.83333333333333,23.991666666666664,30.0,19.0,48.458333333333336,0.0,1016.4208333333332,7.7875000000000005,13.7,88
2025-11-16,30.929166666666664,31.495833333333334,1228.5833333333333,46.45416666666667,24.375,71.125,24.558333333333334,30.6,19.1,37.791666666666664,0.0,1018.3000000000001,7.0625,9.4,91
2025-11-17,34.166666666666664,34.69583333333333,1008.7083333333334,48.020833333333336,33.00833333333333,79.75,23.704166666666666,29.3,18.1,40.0,0.0,1017.6208333333334,6.550000000000001,10.0,97
2025-11-18,41.9125,44.12083333333334,781.0,42.604166666666664,32.34583333333333,78.58333333333333,23.2625,29.2,17.6,58.083333333333336,0.0,1015.725,6.516666666666667,12.9,117
2025-11-19,41.47083333333333,44.0875,810.9583333333334,40.725,30.620833333333334,73.75,23.087500000000002,28.1,18.3,62.791666666666664,0.0,1014.9499999999999,6.570833333333333,9.8,116
2025-11-20,35.56666666666667,36.725,801.4166666666666,31.7625,30.129166666666666,84.16666666666667,23.15416666666667,28.5,17.8,66.66666666666667,0.0,1015.8333333333334,7.0249999999999995,10.3,101
2025-11-21,40.09166666666667,40.987500000000004,956.5416666666666,41.766666666666666,33.3125,72.08333333333333,23.579166666666666,29.4,18.6,54.5,0.0,1016.8000000000001,6.429166666666667,9.3,112
2025-11-22,55.25833333333333,59.1625,1009.5416666666666,43.88333333333333,30.608333333333334,80.20833333333333,23.516666666666666,28.7,19.0,50.708333333333336,0.0,1016.0458333333332,6.829166666666667,11.4,150
2025-11-23,65.78333333333333,72.97500000000001,1134.4583333333333,48.74583333333334,33.47083333333333,68.58333333333333,22.962500000000002,27.8,18.3,52.666666666666664,0.0,1015.2875,6.5874999999999995,9.7,156
2025-11-24,48.92083333333333,51.737500000000004,1151.0833333333333,48.59583333333333,25.587500000000002,60.666666666666664,22.8875,28.6,17.8,43.791666666666664,0.0,1016.15,7.2,10.3,134
2025-11-25,38.791666666666664,40.37916666666667,720.4583333333334,25.945833333333336,19.0625,90.625,22.974999999999998,28.6,17.2,32.25,0.0,1016.4333333333334,10.216666666666667,12.2,109
2025-11-26,38.550000000000004,39.612500000000004,862.375,26.620833333333334,18.625,92.25,23.337500000000002,28.3,19.1,30.541666666666668,0.0,1015.375,7.695833333333333,11.6,109
2025-11-27,33.675000000000004,34.63333333333333,617.7083333333334,16.075,16.183333333333334,103.5,22.925,28.0,18.3,28.041666666666668,0.0,1016.9375,12.012500000000001,15.9,96
2025-11-28,37.541666666666664,38.52916666666667,704.5,16.441666666666666,20.420833333333334,111.29166666666667,22.491666666666664,27.5,18.0,29.083333333333332,0.0,1016.9541666666668,11.845833333333333,13.4,106
2025-11-29,40.77916666666667,41.7125,797.2916666666666,19.541666666666668,23.712500000000002,112.625,22.27916666666667,27.6,17.4,31.791666666666668,0.0,1015.6041666666666,10.004166666666666,12.0,114
2025-11-30,35.729166666666664,36.275,915.2916666666666,32.06666666666667,28.129166666666666,92.375,21.708333333333332,28.1,16.0,36.25,0.0,1014.6875,7.8500000000000005,11.2,102
2025-12-01,30.058333333333334,34.975,1097.625,42.7125,23.47083333333333,54.916666666666664,21.433333333333334,27.2,16.0,47.583333333333336,0.0,1013.8125,7.029166666666666,10.6,89
2025-12-02,40.03333333333333,49.65,1257.2083333333333,49.76666666666667,35.854166666666664,62.791666666666664,20.712500000000002,26.1,15.2,43.125,0.0,1014.0208333333334,6.2124999999999995,8.6,112
2025-12-03,25.770833333333332,27.224999999999998,664.0,24.370833333333334,15.7875,85.66666666666667,21.337500000000002,27.5,15.9,27.416666666666668,0.0,1016.6,10.004166666666666,12.3,80
2025-12-04,25.925,26.675,752.25,19.908333333333335,17.474999999999998,90.04166666666667,22.329166666666666,27.9,17.5,26.541666666666668,0.0,1017.8083333333334,8.625,11.9,80
2025-12-05,22.045833333333334,22.229166666666668,1134.6666666666667,27.53333333333333,18.358333333333334,78.375,21.691666666666666,28.3,15.2,32.791666666666664,0.0,1018.3083333333334,6.558333333333334,9.8,72
2025-12-06,25.0,25.195833333333336,720.2916666666666,21.170833333333334,14.9,80.75,22.825,28.1,17.9,28.041666666666668,0.0,1018.3666666666667,10.116666666666667,11.9,78
2025-12-07,45.60833333333333,45.925000000000004,928.0833333333334,33.69583333333333,22.0125,70.75,22.516666666666666,28.6,17.1,27.958333333333332,0.0,1017.9499999999999,7.145833333333333,9.8,126
2025-12-08,29.925,30.2375,931.7083333333334,31.891666666666666,16.7625,71.25,22.670833333333334,29.8,16.4,28.916666666666668,0.0,1018.2791666666667,6.8625,10.1,88
2025-12-09,27.791666666666668,29.224999999999998,1244.1666666666667,34.025,23.858333333333334,74.75,22.758333333333336,29.6,17.1,32.5,0.0,1017.7583333333333,6.220833333333334,10.4,84
2025-12-10,29.770833333333332,30.1125,1229.4166666666667,49.17916666666667,32.229166666666664,56.333333333333336,21.587500000000002,28.3,14.3,42.75,0.0,1017.4958333333334,5.791666666666667,9.8,88
2025-12-11,25.579166666666666,28.983333333333334,1121.5,42.104166666666664,26.47083333333333,62.375,20.745833333333334,26.2,15.0,75.41666666666667,0.0,1016.3125,5.233333333333333,10.2,79
2025-12-12,26.545833333333334,29.633333333333336,842.625,39.916666666666664,21.71666666666667,54.666666666666664,20.291666666666668,25.4,15.2,80.5,0.0,1015.0458333333332,6.158333333333334,11.1,81
2025-12-13,23.233333333333334,25.375,936.625,34.67916666666667,21.3625,60.958333333333336,21.633333333333336,26.6,16.6,72.5,0.0,1014.5583333333334,5.933333333333334,10.1,74
2025-12-14,37.125,40.604166666666664,1077.875,47.24166666666667,31.766666666666666,56.291666666666664,21.162499999999998,26.6,16.2,63.208333333333336,0.0,1016.0083333333333,6.1625000000000005,9.9,105
2025-12-15,57.43333333333334,61.24583333333334,924.2916666666666,28.724999999999998,20.383333333333333,85.95833333333333,21.620833333333334,27.5,16.5,44.958333333333336,0.0,1016.8916666666668,8.058333333333334,11.1,152
2025-12-16,50.30416666666667,52.82083333333333,957.1666666666666,13.916666666666666,20.054166666666667,107.375,22.15833333333333,28.1,17.5,43.458333333333336,0.0,1015.8833333333333,11.995833333333332,14.1,137
2025-12-17,50.112500000000004,52.26666666666667,1051.6666666666667,23.375,25.28333333333333,99.04166666666667,22.420833333333334,28.0,17.1,40.166666666666664,0.0,1016.6083333333332,9.929166666666667,12.8,137
2025-12-18,43.39166666666667,45.95416666666667,1180.125,40.0875,32.2875,82.91666666666667,21.579166666666666,27.6,16.2,45.375,0.0,1017.2083333333334,7.158333333333334,9.7,120
2025-12-19,49.458333333333336,51.73333333333333,1752.4166666666667,47.074999999999996,30.170833333333334,81.29166666666667,22.59166666666667,28.6,17.7,43.333333333333336,0.0,1015.2125,5.716666666666666,7.7,135
2025-12-20,59.300000000000004,61.26666666666667,1492.625,54.958333333333336,34.94583333333333,72.75,23.270833333333332,27.6,19.0,48.458333333333336,0.0,1013.0666666666666,4.716666666666667,8.5,153
2025-12-21,33.987500000000004,44.0375,952.7083333333334,32.949999999999996,19.479166666666668,58.708333333333336,22.55,26.7,18.9,72.125,0.0,1014.0500000000001,5.954166666666667,10.8,97
2025-12-22,35.30416666666667,46.13333333333333,787.5,35.916666666666664,20.666666666666668,64.79166666666667,22.233333333333334,26.8,17.9,50.333333333333336,0.0,1015.4,7.2749999999999995,9.7,100
2025-12-23,53.18333333333334,57.987500000000004,800.9583333333334,22.46666666666667,22.962500000000002,91.375,22.041666666666668,26.9,17.7,48.166666666666664,0.0,1016.3249999999999,10.0875,11.7,145
2025-12-24,38.00833333333333,44.75833333333333,861.875,34.44166666666667,21.7,72.08333333333333,20.666666666666668,26.4,16.4,46.458333333333336,0.0,1015.8833333333333,7.579166666666667,10.5,107
2025-12-25,44.01666666666667,47.15833333333333,972.8333333333334,46.87916666666666,36.737500000000004,61.916666666666664,19.608333333333334,24.2,14.8,56.666666666666664,0.0,1015.0833333333334,6.1000000000000005,8.9,122
2025-12-26,39.86666666666667,42.454166666666666,964.4583333333334,38.3375,32.71666666666667,63.708333333333336,19.729166666666668,24.6,14.9,67.25,0.0,1014.9250000000001,5.9624999999999995,8.7,112
2025-12-27,49.38333333333333,51.541666666666664,954.75,55.15833333333333,32.5,69.41666666666667,20.204166666666666,25.6,15.1,49.208333333333336,0.0,1015.2916666666666,7.041666666666667,10.5,135
2025-12-28,41.166666666666664,41.775,974.7916666666666,49.137499999999996,33.55833333333333,70.45833333333333,20.337500000000002,25.7,15.6,42.541666666666664,0.0,1015.4125,6.658333333333334,8.6,115
2025-12-29,46.64166666666667,47.6,1040.875,37.49583333333333,33.362500000000004,83.45833333333333,20.258333333333333,25.5,15.1,47.916666666666664,0.0,1014.9458333333333,6.791666666666667,8.5,128
2025-12-30,46.458333333333336,48.90416666666667,1119.875,27.979166666666668,20.529166666666665,75.75,20.470833333333335,24.4,16.2,68.0,0.3,1012.8041666666667,7.258333333333333,12.1,128
2025-12-31,20.204166666666666,31.6375,627.9166666666666,26.504166666666666,15.195833333333333,65.16666666666667,21.208333333333332,24.2,18.5,64.41666666666667,1.1,1009.7958333333332,9.612499999999999,19.7,68
2026-01-01,50.875,64.73333333333333,951.375,41.083333333333336,23.554166666666664,62.208333333333336,19.904166666666665,24.7,15.9,59.875,0.0,1013.6791666666667,6.554166666666667,10.4,139
2026-01-02,56.69583333333333,78.375,1000.8333333333334,45.854166666666664,27.075,62.458333333333336,19.787499999999998,24.6,15.5,53.375,0.0,1017.5416666666666,6.891666666666667,11.6,152
2026-01-03,53.375,67.83333333333333,1212.7916666666667,48.01666666666667,30.704166666666666,67.125,18.89166666666667,23.1,14.6,57.833333333333336,0.0,1017.5708333333333,5.758333333333333,8.2,145
2026-01-04,60.01666666666667,97.14583333333333,1132.5833333333333,41.80833333333333,30.441666666666666,64.29166666666667,18.958333333333332,23.7,14.5,71.58333333333333,0.0,1017.9125,5.916666666666667,8.9,153
2026-01-05,57.57916666666667,87.31666666666666,1032.9583333333333,48.15416666666667,29.891666666666666,71.625,19.5875,24.4,15.5,67.16666666666667,0.0,1018.8125,5.9875,9.4,152
2026-01-06,38.0875,46.18333333333334,743.8333333333334,20.400000000000002,14.166666666666666,91.33333333333333,20.029166666666665,24.8,15.8,48.791666666666664,0.0,1019.4416666666666,10.029166666666667,12.8,107
2026-01-07,41.40833333333333,46.30416666666667,648.1666666666666,15.154166666666667,14.575000000000001,99.58333333333333,19.087500000000002,23.8,15.3,44.75,0.0,1020.225,11.737499999999999,14.4,116
